employee_id,age,department,education_level,region,remote_work,years_experience,monthly_salary,performance_score,satisfaction_score,bonus_pct
1225,38.0,Engineering,Masters,East,No,21.2,12147.21,7.0,75.4,6.16
1364,41.0,Sales,PhD,North,No,16.3,7636.56,9.3,45.2,10.24
1048,38.0,Engineering,Bachelors,West,No,25.8,12543.72,6.9,67.4,1.64
1614,49.0,HR,PhD,West,Yes,26.7,9306.62,6.4,59.1,2.48
1375,47.0,Sales,Masters,North,No,24.4,8989.28,7.2,59.3,1.83
1461,39.0,Marketing,Bachelors,North,Yes,17.8,8206.24,7.0,57.9,1.44
1592,25.0,Engineering,Bachelors,East,Yes,0.0,8905.69,5.9,53.7,2.05
1024,38.0,Finance,Masters,West,No,18.6,9300.8,6.8,56.9,2.48
1464,50.0,Engineering,PhD,North,No,31.2,13610.11,7.2,92.7,2.32
1105,47.0,Support,Masters,North,Yes,18.1,7546.37,7.6,98.3,3.39
1450,36.0,Marketing,Bachelors,East,Yes,11.3,7222.62,9.0,77.2,0.21
1585,26.0,Finance,Bachelors,East,Yes,1.7,6928.66,7.9,60.6,2.88
1234,22.0,Marketing,Bachelors,East,Yes,3.9,6351.05,5.7,88.6,2.93
1361,47.0,HR,Masters,West,No,23.4,9023.23,6.1,62.8,1.3
1499,40.0,Engineering,Bachelors,North,Yes,19.8,11275.22,6.2,87.0,0.7
1061,41.0,Support,PhD,South,Yes,27.2,9437.78,6.4,70.2,10.29
1070,48.0,Engineering,PhD,West,No,26.4,12461.01,7.4,58.4,2.48
1620,32.0,Sales,Bachelors,South,Yes,5.7,6534.2,7.1,78.4,0.77
1489,28.0,Marketing,High School,North,No,8.8,7538.38,5.6,78.4,3.74
1488,37.0,Engineering,Bachelors,North,Yes,14.4,10924.53,5.8,77.9,0.43
1547,43.0,Engineering,Bachelors,East,Yes,21.3,11742.62,8.2,66.0,2.48
1249,43.0,Engineering,Bachelors,South,No,19.4,11633.75,5.7,100.0,2.48
1336,41.0,Marketing,PhD,North,No,18.9,8270.79,6.7,100.0,2.48
1511,34.0,Sales,High School,East,No,10.7,6893.81,6.4,74.4,2.48
1454,38.0,Sales,Masters,South,Yes,2.0,5748.4,6.9,71.5,10.8
1260,37.0,Marketing,Bachelors,South,Yes,16.6,8752.69,7.0,70.2,2.37
1261,37.0,Sales,Masters,North,Yes,18.4,7778.97,6.7,94.1,2.29
1162,24.0,Finance,High School,South,Yes,1.6,6676.09,7.1,59.6,2.48
1523,34.0,Sales,Bachelors,South,No,12.8,7050.16,5.9,65.1,14.56
1379,40.0,Engineering,Masters,South,No,15.1,10796.54,7.6,79.0,5.17
1173,36.0,Engineering,Bachelors,North,Yes,12.4,10405.78,6.2,95.1,6.86
1203,33.0,Marketing,Masters,West,No,16.2,8261.82,5.8,42.9,0.66
1482,42.0,Sales,Bachelors,West,No,21.9,8464.77,7.7,60.2,1.15
1160,44.0,Support,PhD,South,Yes,18.7,7266.61,6.7,66.1,1.92
1359,41.0,Engineering,Masters,East,Yes,16.4,11404.09,5.9,66.7,2.48
1215,37.0,Support,High School,North,No,12.1,6379.74,8.7,69.7,2.48
1112,63.0,Sales,Bachelors,North,No,40.4,11251.25,6.1,68.8,2.48
1548,36.0,Sales,Masters,West,No,10.8,6833.63,8.1,56.0,1.87
1305,33.0,Finance,PhD,East,No,9.9,7934.65,5.2,71.7,3.28
1609,29.0,Support,Bachelors,South,No,3.1,5115.23,6.4,72.4,4.74
1650,39.0,Sales,Bachelors,South,No,19.8,8011.61,7.2,66.2,19.84
1014,30.0,Finance,High School,East,Yes,9.2,8281.78,8.8,66.5,2.89
1369,44.0,Engineering,High School,East,Yes,21.2,11557.28,5.4,50.0,1.23
1042,43.0,Finance,Masters,South,No,16.3,9301.94,5.8,60.6,2.48
1537,23.0,Marketing,Bachelors,East,Yes,7.1,7032.31,7.0,65.3,1.65
1366,31.0,Engineering,Bachelors,East,Yes,5.7,9207.33,7.5,48.0,2.48
1060,42.0,Sales,Bachelors,North,Yes,22.3,33339.76,6.7,38.8,0.11
1387,45.0,Support,Bachelors,East,Yes,26.3,9501.43,3.8,65.9,2.48
1453,43.0,Support,Masters,West,Yes,20.8,7729.99,7.0,100.0,2.48
1082,55.0,Engineering,High School,North,Yes,31.4,13001.16,7.5,72.8,2.11
1224,45.0,HR,Bachelors,West,No,17.0,7900.24,6.8,65.6,0.24
1582,54.0,Marketing,Bachelors,North,No,31.3,9980.94,6.6,70.2,2.41
1546,47.0,Engineering,Bachelors,East,No,25.0,12284.01,6.0,51.2,0.64
1237,26.0,Engineering,Bachelors,West,No,0.4,8846.3,5.2,71.0,1.6
1640,28.0,Finance,Bachelors,North,No,4.9,7351.06,5.3,80.1,1.23
1577,47.0,Finance,Bachelors,East,No,22.9,10142.77,7.0,84.4,4.27
1441,38.0,Finance,Bachelors,South,No,14.4,8663.12,5.0,75.7,0.13
1586,32.0,Marketing,High School,West,No,9.7,7265.67,5.9,70.2,3.41
1140,61.0,Sales,Masters,South,Yes,36.0,10611.74,9.4,78.8,0.86
1348,51.0,Engineering,High School,South,No,34.0,13578.24,5.6,71.7,11.32
1182,41.0,Finance,Bachelors,West,Yes,20.3,9671.28,5.5,64.0,10.94
1243,50.0,Engineering,Bachelors,West,Yes,28.5,12971.0,7.5,66.7,3.03
1067,48.0,Marketing,Bachelors,North,No,22.2,9398.33,8.5,55.6,3.73
1186,30.0,Support,Bachelors,North,Yes,4.5,5460.99,5.0,68.2,2.48
1093,42.0,Engineering,Masters,West,No,22.0,11738.22,6.4,78.0,2.48
1355,50.0,Engineering,Masters,South,Yes,32.4,13516.2,7.0,84.1,2.48
1442,34.0,Sales,Masters,South,No,12.5,6928.99,5.8,55.1,2.48
1580,30.0,Engineering,High School,North,Yes,3.6,9046.12,7.3,84.1,2.07
1404,31.0,Sales,High School,West,No,11.3,6681.89,8.0,85.8,2.48
1086,45.0,Sales,Masters,South,No,26.8,9438.87,8.0,87.9,4.43
1306,48.0,Engineering,Masters,West,No,29.0,12741.83,6.4,93.8,13.25
1347,44.0,HR,Masters,East,No,21.7,8553.8,7.4,70.0,4.02
1219,38.0,HR,High School,North,No,25.4,9474.99,4.8,70.5,1.02
1174,32.0,HR,Masters,East,No,7.3,6388.03,7.0,75.3,2.48
1312,30.0,Engineering,Bachelors,North,No,10.9,10367.85,7.0,70.7,0.14
1443,36.0,Support,Bachelors,South,No,16.0,6862.55,5.5,83.6,0.55
1035,43.0,Engineering,Masters,North,Yes,19.4,11325.9,7.5,63.3,2.48
1591,33.0,HR,Masters,North,Yes,4.8,6092.07,8.6,74.7,2.48
1520,47.0,Finance,High School,West,Yes,23.2,9955.98,7.6,62.5,4.48
1302,37.0,Sales,Bachelors,West,Yes,12.4,7342.33,6.0,62.7,5.17
1621,29.0,Support,PhD,East,Yes,7.1,5415.0,6.5,67.6,2.48
1330,42.0,Engineering,Bachelors,East,No,18.7,11410.04,5.6,70.2,3.08
1468,37.0,HR,Masters,East,No,9.9,6917.52,6.2,90.3,2.67
1135,52.0,Marketing,PhD,South,No,27.8,9837.67,6.4,60.7,0.15
1149,52.0,Engineering,Masters,South,No,32.3,13100.63,6.7,82.4,2.7
1001,40.0,Support,Bachelors,West,No,24.7,8859.2,8.1,55.0,6.45
1121,29.0,Marketing,Bachelors,East,No,9.3,6792.51,7.0,79.4,1.07
1018,25.0,Sales,PhD,North,No,3.3,5710.01,8.5,62.1,0.48
1420,51.0,Finance,Bachelors,East,No,30.7,11632.88,7.1,77.8,2.93
1536,32.0,Sales,Masters,North,No,16.6,7799.67,6.6,69.8,2.48
1525,45.0,Sales,Bachelors,South,Yes,24.5,8939.39,9.1,99.9,2.48
1083,38.0,Finance,High School,South,No,15.7,9469.45,9.4,50.3,2.77
1133,41.0,Marketing,Bachelors,West,No,15.8,8673.35,7.2,28.9,1.47
1615,39.0,Engineering,Bachelors,East,No,17.7,11313.52,5.3,78.6,1.39
1410,48.0,HR,Masters,West,Yes,28.2,9829.24,8.0,68.5,5.26
1550,34.0,Engineering,Masters,North,Yes,3.6,8892.28,7.0,94.1,2.48
1583,22.0,Sales,Bachelors,East,No,2.8,6045.5,7.9,69.4,6.02
1380,49.0,Support,Bachelors,South,Yes,28.1,8593.38,6.9,83.9,1.11
1120,45.0,Marketing,Masters,North,No,24.5,9280.7,7.4,60.0,0.86
1338,50.0,Support,High School,East,No,25.9,8325.53,7.0,43.9,2.48
1156,38.0,Support,High School,West,Yes,14.3,6679.14,5.8,64.9,2.48
1066,42.0,Marketing,Bachelors,East,No,15.1,7920.2,7.0,81.8,6.89
1102,22.0,Support,Bachelors,West,Yes,2.4,5037.56,5.9,66.0,2.44
1012,38.0,HR,Masters,West,No,14.5,7933.92,7.7,70.2,0.63
1294,43.0,Sales,Bachelors,West,No,23.8,9304.36,7.1,61.9,2.48
1089,38.0,Sales,Bachelors,East,No,19.2,8030.18,5.8,85.8,14.35
1350,37.0,Sales,Bachelors,East,Yes,14.2,7139.46,8.4,71.6,3.4
1208,29.0,Support,Masters,South,No,6.3,6749.69,5.7,70.0,0.67
1607,47.0,Finance,Masters,West,No,22.3,9854.79,8.1,69.5,1.83
1362,39.0,Sales,Bachelors,South,Yes,13.7,7111.25,6.1,70.2,4.5
1647,32.0,Sales,High School,West,No,9.9,6892.82,5.7,59.4,2.02
1308,40.0,Marketing,Bachelors,West,No,20.1,8641.44,7.0,70.0,2.48
1555,29.0,Sales,High School,North,No,4.6,5831.02,7.3,70.2,8.21
1246,34.0,Finance,Masters,South,Yes,11.0,8221.62,6.5,55.4,2.48
1278,38.0,Marketing,Masters,West,No,23.7,9172.12,10.0,59.4,2.48
1551,62.0,Engineering,Bachelors,East,No,38.9,14251.2,6.9,48.7,2.4
1256,54.0,Support,Masters,North,No,30.0,9260.2,7.6,86.1,5.63
1458,47.0,Engineering,Bachelors,North,No,30.7,13109.92,7.2,79.3,6.35
1108,40.0,Engineering,PhD,South,No,18.6,11237.16,9.2,69.6,11.34
1046,42.0,Finance,Bachelors,North,Yes,22.2,10189.45,7.3,73.4,2.48
1641,27.0,Support,Bachelors,North,Yes,5.9,5626.55,4.5,62.0,5.59
1122,36.0,Marketing,Bachelors,East,No,17.6,8737.04,7.1,73.8,2.58
1346,58.0,Support,Bachelors,North,Yes,31.7,9425.77,5.8,79.2,2.48
1637,44.0,Support,Bachelors,South,No,26.2,8348.85,6.7,79.5,2.48
1050,39.0,Sales,Bachelors,South,No,19.0,7972.14,7.0,70.2,1.41
1324,22.0,Marketing,PhD,East,Yes,0.0,5902.82,7.1,56.4,2.28
1395,53.0,Sales,High School,West,Yes,33.5,10373.89,7.6,66.4,0.42
1198,52.0,Finance,Masters,East,No,34.7,12129.8,4.9,45.2,3.18
1352,31.0,Sales,Bachelors,East,No,11.7,6788.3,7.0,70.2,0.2
1561,39.0,Sales,Masters,North,Yes,15.4,7555.41,7.0,81.0,0.98
1610,42.0,Engineering,PhD,North,No,17.4,37614.47,7.0,67.0,10.78
1413,36.0,Sales,Bachelors,North,Yes,10.8,6989.13,7.7,92.2,4.31
1117,36.0,Support,Bachelors,South,Yes,9.1,6558.88,9.7,38.1,2.99
1576,36.0,Marketing,Masters,East,Yes,18.7,8617.42,5.7,79.2,2.75
1386,23.0,HR,Masters,East,Yes,0.7,6008.64,5.8,70.2,4.22
1527,34.0,HR,Bachelors,West,Yes,9.5,6902.25,6.5,97.2,1.12
1619,45.0,Sales,Bachelors,West,Yes,22.3,8511.85,6.9,83.5,6.68
1378,37.0,Engineering,Bachelors,West,No,19.2,11187.97,7.8,83.3,0.08
1440,34.0,Marketing,Bachelors,North,No,8.7,6918.07,4.7,47.1,0.27
1063,58.0,Marketing,Masters,North,No,31.7,10470.81,4.6,72.7,0.25
1407,29.0,Engineering,PhD,East,No,4.7,9490.05,7.4,85.8,2.48
1335,51.0,Sales,Bachelors,West,No,30.6,9938.79,5.5,67.2,2.83
1136,52.0,Sales,Bachelors,North,Yes,22.9,8688.48,8.4,72.2,3.97
1373,41.0,Engineering,PhD,East,Yes,23.0,12614.43,6.7,63.4,2.48
1393,46.0,Marketing,Masters,North,Yes,24.1,9145.77,7.0,100.0,0.24
1262,39.0,Finance,Masters,West,Yes,13.2,8574.07,5.3,85.6,2.48
1275,49.0,Support,Bachelors,South,Yes,26.3,8600.12,7.7,78.8,0.72
1403,51.0,Support,Bachelors,West,Yes,35.3,9700.32,6.6,82.3,2.48
1091,41.0,Sales,High School,East,No,23.8,9054.69,7.0,56.3,0.44
1429,31.0,Sales,Masters,North,No,6.1,6076.34,7.8,70.2,2.48
1030,47.0,Support,Bachelors,North,No,26.2,8852.13,9.1,52.2,4.19
1286,33.0,Engineering,Bachelors,North,Yes,11.2,10328.78,7.3,77.2,2.48
1517,44.0,Engineering,Masters,East,No,27.2,12628.98,6.5,69.1,0.01
1202,57.0,HR,Bachelors,South,No,35.0,10805.5,7.0,75.6,4.75
1532,44.0,Support,High School,South,Yes,19.9,7887.64,6.9,69.0,2.48
1632,37.0,Finance,Bachelors,North,No,15.5,9081.51,8.9,77.1,8.84
1446,44.0,Support,Bachelors,West,No,26.8,8405.67,2.9,55.8,15.14
1307,43.0,Engineering,Masters,East,No,25.5,13153.29,4.2,58.6,17.8
1161,32.0,Sales,High School,North,No,8.5,6590.5,5.5,65.5,2.48
1248,41.0,Engineering,Bachelors,South,No,16.9,11224.0,7.0,48.5,0.4
1573,36.0,Engineering,Masters,South,No,11.1,10469.24,9.1,83.9,2.48
1104,40.0,HR,Bachelors,West,Yes,19.8,8827.59,7.1,67.6,0.33
1415,33.0,Sales,Bachelors,South,No,14.1,7817.62,7.2,51.2,0.45
1334,51.0,Finance,Bachelors,South,No,25.9,10462.92,8.4,70.2,2.48
1430,38.0,Finance,Bachelors,West,Yes,6.7,7677.75,7.0,83.1,2.48
1166,22.0,Engineering,Masters,East,No,0.0,8773.9,8.1,45.2,2.48
1081,34.0,Support,Bachelors,North,No,15.1,7148.97,5.6,82.4,0.22
1340,48.0,HR,Masters,North,No,22.9,8634.02,8.2,60.0,7.82
1643,52.0,Sales,Bachelors,West,No,30.2,9579.15,5.9,91.3,2.48
1004,58.0,Support,Bachelors,East,Yes,38.5,10163.84,8.7,69.4,2.48
1531,21.0,Support,Masters,South,No,8.7,6065.36,5.8,74.6,4.29
1010,30.0,Engineering,Bachelors,West,No,8.0,9902.88,5.9,65.2,2.48
1474,42.0,Sales,Bachelors,West,Yes,18.4,7874.42,10.0,69.6,2.48
1434,36.0,Finance,Masters,North,Yes,17.0,9084.94,9.4,60.1,2.41
1342,40.0,HR,Masters,West,No,22.0,8904.86,9.3,69.1,1.91
1512,30.0,Finance,Masters,West,Yes,8.1,8654.26,4.6,84.9,2.48
1180,30.0,Support,Bachelors,North,No,9.4,6210.4,5.0,58.3,0.32
1363,51.0,Sales,Bachelors,West,No,26.8,9180.15,7.5,52.2,2.48
1287,53.0,Sales,PhD,West,Yes,29.4,9592.53,6.3,90.6,1.94
1196,22.0,Sales,Masters,West,No,0.0,5260.87,6.6,80.7,13.28
1494,80.0,Engineering,Masters,North,Yes,24.1,12127.49,6.2,86.5,2.51
1374,22.0,Engineering,Bachelors,West,No,0.0,8450.2,7.7,78.1,6.02
1274,33.0,Marketing,Bachelors,North,Yes,5.7,6749.27,7.0,70.2,8.12
1190,48.0,Engineering,Bachelors,West,No,26.9,12458.74,9.5,87.4,2.48
1041,45.0,Engineering,Bachelors,North,No,17.2,11695.49,7.9,74.1,1.99
1269,31.0,Sales,Bachelors,West,Yes,8.2,6671.73,7.0,79.1,2.48
1006,42.0,HR,Bachelors,West,No,19.1,8849.7,7.4,83.5,2.48
1635,30.0,Sales,PhD,East,No,11.1,7030.36,6.2,54.1,2.48
1344,22.0,Marketing,Bachelors,North,No,0.0,5744.38,7.0,53.8,1.01
1360,42.0,Marketing,Bachelors,South,No,21.5,8736.74,8.3,73.8,4.18
1039,36.0,Engineering,Masters,North,Yes,20.7,11649.85,8.2,70.2,0.03
1411,49.0,Support,PhD,South,No,24.0,8317.17,7.1,91.4,2.48
1612,43.0,Support,Bachelors,South,Yes,18.8,7901.71,7.0,96.4,2.48
1638,38.0,Support,Bachelors,West,No,10.9,6438.46,8.7,83.3,2.48
1554,42.0,Finance,Masters,West,Yes,14.4,8740.46,6.8,74.3,1.01
1163,44.0,Engineering,PhD,South,No,22.3,12035.93,5.1,76.4,3.68
1068,49.0,Engineering,High School,West,Yes,26.9,13203.84,9.0,70.2,2.48
1125,45.0,Sales,High School,West,No,24.0,8862.16,6.9,70.2,0.21
1040,42.0,Support,Bachelors,West,No,18.9,7916.1,8.5,61.9,2.88
1396,32.0,Engineering,Bachelors,East,No,6.8,9683.15,7.7,70.2,1.46
1508,54.0,Finance,High School,South,No,26.4,10778.79,8.4,77.6,22.57
1242,34.0,Support,PhD,East,No,14.0,7021.44,7.7,71.5,1.32
1148,37.0,Marketing,Bachelors,West,No,13.8,7883.06,7.0,62.6,2.48
1400,33.0,Engineering,Bachelors,East,No,16.8,11106.26,8.1,82.7,13.47
1447,51.0,HR,Bachelors,East,No,29.9,10038.21,5.6,58.5,1.03
1594,45.0,Marketing,High School,North,No,18.7,8325.64,7.1,55.9,1.87
1480,40.0,Engineering,PhD,South,No,19.0,11866.28,3.7,80.4,5.32
1469,35.0,Sales,Bachelors,North,Yes,10.7,6711.91,5.8,70.2,0.24
1032,41.0,HR,Bachelors,East,Yes,15.6,7792.42,10.0,49.7,3.91
1541,32.0,HR,Bachelors,South,Yes,9.8,7074.29,6.6,60.0,2.48
1433,29.0,Support,PhD,East,No,4.9,5675.51,8.1,78.9,2.48
1313,23.0,Engineering,High School,South,No,3.2,9031.89,8.0,90.3,1.51
1096,42.0,Marketing,Bachelors,South,Yes,16.9,8282.84,6.1,73.9,2.48
1553,34.0,Sales,Masters,North,No,10.4,6706.72,6.9,57.6,2.48
1258,40.0,Sales,High School,West,No,17.8,7732.21,8.8,55.8,7.27
1188,23.0,Sales,PhD,North,No,0.0,5216.55,6.4,70.2,4.8
1557,32.0,Engineering,Masters,West,No,5.8,33007.08,5.4,87.6,2.48
1147,36.0,Engineering,High School,North,No,9.5,10143.29,6.4,74.1,2.48
1487,44.0,Engineering,Bachelors,North,No,28.8,12965.94,8.0,57.8,2.7
1075,35.0,Sales,High School,West,No,9.5,7095.06,6.4,70.2,5.09
1497,50.0,Engineering,Masters,North,Yes,32.6,13563.33,5.0,83.4,2.48
1448,34.0,Marketing,Masters,West,Yes,11.5,7448.72,6.4,83.9,2.48
1062,44.0,Engineering,Masters,West,No,27.3,12477.59,7.6,70.4,0.81
1503,36.0,HR,High School,North,Yes,14.8,7885.84,6.0,70.2,5.82
1290,39.0,Sales,High School,North,Yes,18.9,8414.93,7.3,56.0,2.48
1077,30.0,Engineering,Bachelors,West,No,5.7,10325.57,7.4,69.2,2.48
1604,23.0,Support,Masters,North,Yes,0.0,4618.59,7.0,87.4,2.48
1398,52.0,Engineering,Masters,South,Yes,30.5,12945.04,4.8,70.2,1.64
1187,52.0,Engineering,Masters,South,No,29.4,13168.99,6.8,67.4,0.52
1351,41.0,Marketing,High School,North,Yes,20.8,8887.32,7.4,77.7,2.48
1069,34.0,Sales,Masters,North,No,12.9,7298.21,6.5,68.6,0.03
1418,29.0,Support,Masters,North,No,8.5,5772.23,5.5,47.7,2.86
1605,60.0,HR,High School,South,No,37.9,10991.88,5.9,59.4,2.48
1119,36.0,Engineering,High School,East,No,6.8,9468.16,3.9,56.4,2.48
1439,25.0,Support,Bachelors,South,Yes,2.6,4958.5,5.7,70.2,4.9
1005,40.0,Sales,Masters,West,No,16.8,7744.34,5.9,83.0,3.81
1017,31.0,Marketing,Masters,West,Yes,7.7,6909.07,8.2,60.3,2.04
1526,42.0,Engineering,Masters,West,No,18.8,11646.79,8.1,61.7,2.48
1422,53.0,Sales,Masters,North,No,29.7,10092.03,6.5,77.5,0.44
1263,46.0,Engineering,PhD,West,Yes,20.8,45268.47,7.5,68.0,1.16
1020,42.0,Marketing,Bachelors,West,Yes,22.0,8907.32,7.0,46.1,2.48
1600,38.0,Marketing,PhD,South,No,19.9,8850.83,4.8,69.9,1.23
1201,48.0,Support,Bachelors,West,Yes,28.6,9373.27,8.7,70.2,0.51
1405,38.0,HR,Bachelors,East,No,17.2,7925.09,8.1,72.1,2.48
1636,25.0,Sales,PhD,East,No,1.5,5226.64,6.4,56.8,2.48
1118,22.0,Support,High School,East,Yes,0.2,4675.92,7.4,70.2,6.5
1444,38.0,Sales,Bachelors,East,Yes,12.6,7010.32,7.4,74.5,1.94
1079,34.0,Marketing,Bachelors,East,No,19.5,9035.59,6.8,70.2,2.48
1057,38.0,Engineering,Masters,North,No,13.4,11295.04,7.0,88.8,0.64
1058,48.0,Marketing,Masters,South,No,22.5,9060.23,6.2,74.6,6.77
1181,85.0,Finance,Masters,South,No,4.4,7274.65,6.2,86.4,2.48
1538,38.0,Sales,PhD,South,Yes,10.6,6703.96,7.4,66.2,2.48
1043,38.0,Support,Bachelors,North,Yes,8.5,5714.51,8.8,65.8,2.48
1134,49.0,Engineering,Masters,North,No,27.8,12572.01,5.8,63.3,0.48
1315,38.0,Engineering,PhD,South,Yes,26.1,12459.91,9.1,56.9,2.48
1545,45.0,Sales,Masters,West,No,19.3,7785.36,7.0,87.2,1.64
1251,38.0,Support,Bachelors,North,No,14.3,6625.38,4.2,77.2,6.27
1431,33.0,HR,Bachelors,East,No,9.5,6589.06,7.0,86.6,0.37
1603,55.0,Finance,High School,West,Yes,33.7,11654.31,7.0,70.2,2.48
1476,46.0,Engineering,Bachelors,East,No,23.8,12215.11,8.7,81.4,2.48
1193,32.0,Sales,Bachelors,East,No,8.7,6667.34,6.1,69.2,0.66
1408,37.0,Finance,Bachelors,South,Yes,16.7,9258.89,8.5,74.9,4.4
1423,33.0,Sales,Bachelors,South,No,11.2,6597.88,6.1,78.0,6.38
1389,34.0,Sales,Bachelors,West,No,7.2,6083.29,8.0,70.2,2.48
1558,43.0,Engineering,Bachelors,West,No,22.0,11901.75,5.6,43.6,1.19
1356,29.0,Marketing,Bachelors,West,No,8.3,6806.86,3.5,71.1,0.43
1158,24.0,Support,Bachelors,East,Yes,5.7,5554.36,7.5,70.7,2.48
1449,42.0,Sales,Masters,North,No,17.7,8447.36,6.2,96.6,2.48
1412,35.0,Support,Masters,East,No,17.1,7579.55,6.9,95.6,4.3
1642,43.0,Finance,Masters,North,No,19.7,9402.7,7.0,70.2,2.48
1495,28.0,Support,Bachelors,West,Yes,5.6,5507.88,7.0,54.1,4.17
1103,51.0,Engineering,Bachelors,North,No,29.4,12808.77,8.7,58.6,2.48
1053,55.0,Support,Bachelors,West,No,32.2,9541.52,6.0,57.5,11.23
1428,50.0,Finance,Bachelors,East,No,25.2,10431.4,10.0,81.1,8.89
1319,45.0,Engineering,Bachelors,West,Yes,26.5,13165.71,7.0,38.2,3.33
1098,48.0,Sales,Bachelors,South,No,26.1,8987.69,6.8,80.5,5.34
1354,49.0,Marketing,Bachelors,South,No,25.2,9202.7,7.7,91.2,11.91
1129,40.0,Sales,Masters,East,No,22.6,8830.79,10.0,75.1,2.48
1178,41.0,HR,Bachelors,West,Yes,21.7,8602.7,6.8,52.1,4.45
1111,39.0,Engineering,Masters,North,No,18.3,11086.0,8.4,57.6,2.48
1556,52.0,Engineering,High School,West,No,34.8,14119.05,8.0,76.6,3.26
1401,37.0,Engineering,Masters,West,Yes,18.4,11586.46,9.0,59.5,2.48
1300,55.0,Marketing,Bachelors,North,Yes,30.7,10199.14,9.3,67.3,2.48
1460,25.0,Marketing,Bachelors,South,No,2.8,5922.81,5.8,58.5,3.5
1143,35.0,HR,Bachelors,East,Yes,9.8,6756.88,8.3,98.5,2.48
1539,46.0,Sales,High School,South,No,25.1,8883.38,7.0,84.9,0.2
1007,38.0,Support,Masters,East,No,3.3,5119.48,4.9,79.5,2.48
1268,45.0,Sales,High School,North,No,23.7,8723.04,6.3,66.1,6.94
1519,22.0,Sales,Masters,North,No,3.1,5450.59,7.7,68.0,2.48
1238,37.0,Support,High School,West,No,10.2,6271.26,6.8,82.7,2.42
1384,45.0,Engineering,PhD,West,Yes,25.6,12219.83,8.4,85.2,2.48
1059,40.0,Sales,Bachelors,East,Yes,14.8,7455.77,8.9,63.3,4.21
1233,33.0,HR,PhD,South,Yes,10.6,6850.49,6.1,65.8,2.55
1611,37.0,Marketing,High School,West,No,11.8,7308.67,7.0,56.9,0.92
1575,32.0,Finance,Bachelors,West,No,10.1,8132.33,7.5,45.4,2.48
1204,38.0,Sales,PhD,North,No,19.8,8289.18,7.0,38.1,8.51
1465,22.0,Marketing,PhD,East,No,4.9,6220.15,6.9,97.1,19.54
1285,35.0,Marketing,Masters,South,No,15.1,8032.76,7.7,92.2,2.48
1353,29.0,Marketing,High School,West,No,7.2,6825.56,5.7,78.6,1.16
1003,43.0,Finance,Masters,West,Yes,22.6,9809.49,5.7,52.9,8.97
1329,22.0,Marketing,Bachelors,North,No,0.0,15285.74,4.7,100.0,0.4
1218,29.0,Sales,Masters,West,Yes,4.2,5579.96,6.9,70.2,0.24
1047,28.0,Engineering,Masters,East,No,5.3,9589.12,7.3,93.9,2.48
1226,33.0,HR,Masters,West,Yes,14.0,7537.34,8.6,70.2,1.01
1019,46.0,Finance,Bachelors,East,Yes,26.0,10668.07,6.6,66.7,0.81
1169,41.0,Engineering,Masters,South,No,20.5,11411.35,9.5,74.5,4.54
1459,32.0,Support,PhD,South,Yes,11.2,6093.05,6.7,76.0,2.48
1293,51.0,HR,Bachelors,South,No,30.9,10179.18,7.3,49.5,0.59
1618,43.0,Engineering,PhD,South,Yes,21.8,11923.3,6.3,79.4,2.48
1507,26.0,Engineering,High School,West,No,3.0,8933.87,6.9,91.5,7.06
1496,40.0,Marketing,Bachelors,West,Yes,18.8,8533.85,5.3,81.9,2.48
1284,46.0,Engineering,Masters,North,No,28.4,12820.66,6.1,62.3,2.48
1625,47.0,HR,High School,East,Yes,23.2,8676.78,3.9,77.3,1.6
1492,39.0,Marketing,Masters,South,Yes,16.9,8665.42,6.2,74.6,2.48
1606,30.0,Support,Masters,East,Yes,9.5,6376.75,7.5,46.0,2.48
1094,58.0,Engineering,High School,South,No,29.9,13154.74,6.5,64.2,0.25
1214,47.0,Finance,Bachelors,West,No,24.5,10201.76,6.9,70.5,2.48
1259,38.0,Sales,Bachelors,East,No,17.9,8338.3,7.0,54.7,5.35
1292,38.0,Sales,Masters,East,No,18.6,8025.5,7.6,70.2,1.87
1629,40.0,Marketing,Masters,East,No,21.6,8737.05,5.2,83.9,2.39
1107,24.0,Engineering,Bachelors,East,Yes,0.0,8927.98,6.1,75.3,2.48
1116,51.0,Finance,High School,South,Yes,27.1,10451.74,7.3,70.2,2.48
1437,32.0,Sales,Masters,West,Yes,8.1,6864.02,8.0,62.9,2.48
1372,49.0,Engineering,Masters,North,Yes,29.5,12754.67,7.4,61.8,1.83
1037,31.0,Sales,Bachelors,South,No,3.3,5771.98,9.5,78.7,6.99
1416,43.0,Engineering,PhD,South,Yes,21.7,11865.76,5.6,77.3,0.31
1205,54.0,Sales,Bachelors,North,No,28.9,9645.2,7.3,90.6,0.24
1245,38.0,Marketing,Masters,South,No,19.7,8821.91,8.1,89.6,0.32
1222,35.0,Engineering,High School,West,Yes,9.0,9638.68,7.0,55.4,0.4
1247,38.0,Marketing,Bachelors,West,No,11.4,7126.52,8.1,59.0,3.85
1521,48.0,Finance,Bachelors,East,No,24.2,10262.72,6.3,72.1,3.45
1466,26.0,Support,High School,East,Yes,5.0,5486.19,5.9,72.0,2.48
1250,30.0,Engineering,Bachelors,South,No,7.3,9988.15,7.4,74.6,4.03
1123,32.0,Sales,Bachelors,North,No,3.0,5614.32,7.3,62.7,2.48
1568,31.0,Sales,Bachelors,South,No,8.8,6413.34,5.7,53.7,2.48
1165,38.0,Marketing,High School,North,Yes,16.2,8499.4,6.0,46.1,2.48
1574,43.0,Support,Masters,South,Yes,22.6,8166.65,8.6,90.4,1.97
1542,22.0,Marketing,Bachelors,South,No,0.0,5499.62,9.9,60.0,2.48
1552,43.0,Sales,Bachelors,North,No,19.9,7835.54,6.9,45.7,1.18
1240,32.0,Sales,Masters,West,No,9.1,6599.99,6.9,55.2,2.48
1505,27.0,Marketing,Bachelors,East,Yes,5.8,6584.1,7.5,60.0,11.16
1529,39.0,Support,Bachelors,East,No,13.8,6621.55,7.0,96.7,5.8
1296,36.0,Finance,Bachelors,East,No,10.8,8552.5,9.2,76.2,1.25
1564,33.0,Marketing,Bachelors,South,Yes,11.9,7356.25,9.3,73.5,0.68
1071,46.0,Sales,Bachelors,West,No,23.3,9673.52,8.5,77.5,5.68
1397,32.0,Finance,Bachelors,South,Yes,11.0,8246.84,9.0,75.0,2.48
1365,44.0,Support,Bachelors,East,Yes,25.5,8342.1,7.0,66.5,4.03
1099,38.0,Sales,Masters,North,No,17.8,8216.78,7.5,70.2,5.19
1383,36.0,Support,Bachelors,West,Yes,9.1,5826.99,7.6,75.9,7.37
1616,36.0,Support,Masters,South,Yes,17.6,7273.43,9.6,42.2,0.21
1031,27.0,Support,High School,West,No,4.9,5345.23,7.7,72.7,2.48
1341,38.0,Sales,Masters,East,Yes,6.6,6028.15,7.4,68.8,3.42
1456,49.0,Sales,Masters,South,Yes,26.9,9365.95,6.9,58.9,0.18
1128,38.0,Sales,Bachelors,North,No,10.1,6997.01,5.8,70.2,2.48
1560,41.0,Engineering,Bachelors,West,No,22.8,12291.42,8.1,65.3,0.8
1002,39.0,Engineering,Masters,North,Yes,21.0,11829.43,7.7,70.2,2.48
1376,33.0,Sales,Bachelors,South,No,7.6,6558.06,3.0,58.3,1.59
1028,44.0,Sales,Bachelors,North,Yes,18.9,23657.7,9.2,100.0,3.66
1090,42.0,Marketing,Bachelors,West,Yes,19.9,8333.57,8.8,80.3,2.48
1309,39.0,Engineering,Bachelors,North,No,15.3,10719.99,6.3,50.4,2.64
1074,33.0,Engineering,PhD,North,No,8.8,9594.86,6.1,88.0,1.83
1185,33.0,Support,Masters,West,Yes,11.9,6389.8,4.1,70.2,2.48
1172,34.0,Marketing,Bachelors,North,No,10.5,7096.94,6.5,48.8,2.48
1510,38.0,Sales,Masters,North,No,16.2,7530.67,8.0,61.5,11.95
1530,48.0,Engineering,Bachelors,West,No,30.5,13306.13,3.4,81.3,2.48
1501,35.0,Support,High School,South,Yes,14.8,6695.63,7.4,73.0,2.48
1409,38.0,Sales,Bachelors,East,No,12.1,7377.8,9.5,56.9,2.48
1092,35.0,Support,High School,East,Yes,8.8,6331.66,8.0,70.2,2.17
1426,28.0,Finance,Bachelors,East,No,4.3,7161.9,3.3,47.4,4.49
1371,31.0,Support,Masters,East,No,8.0,5581.01,6.0,81.1,2.48
1578,46.0,Marketing,Bachelors,South,No,18.2,8237.73,5.1,66.1,2.48
1126,44.0,Engineering,Masters,East,No,18.3,11761.18,7.8,63.9,7.39
1648,28.0,Marketing,Bachelors,North,No,6.9,6719.08,8.6,70.2,4.02
1316,42.0,Engineering,Bachelors,South,Yes,24.3,11972.56,8.0,70.2,2.48
1377,51.0,HR,PhD,South,No,29.1,10038.98,7.2,87.9,4.7
1013,37.0,Marketing,Bachelors,North,No,14.6,7782.92,9.8,70.2,14.67
1579,29.0,Finance,PhD,North,Yes,4.8,7994.02,9.1,51.8,2.48
1427,22.0,Engineering,Bachelors,North,Yes,0.0,9452.21,5.7,39.9,0.7
1223,34.0,Support,PhD,North,No,14.0,7013.51,6.0,66.7,10.59
1566,51.0,Support,Bachelors,South,Yes,23.1,35699.0,7.2,46.2,2.48
1239,27.0,Sales,Bachelors,North,No,2.7,5808.0,5.1,59.7,4.54
1115,46.0,Sales,PhD,East,No,19.8,7969.53,7.0,70.2,2.48
1534,45.0,Marketing,Bachelors,North,No,21.5,9044.22,7.3,71.1,10.24
1310,36.0,Sales,Bachelors,South,No,11.9,7468.45,5.1,94.4,2.48
1144,30.0,Marketing,High School,West,Yes,6.9,6398.31,7.8,48.4,20.72
1424,41.0,Sales,PhD,North,Yes,20.3,8282.19,6.3,55.2,2.48
1015,35.0,Engineering,Bachelors,North,No,14.0,10518.03,6.7,70.2,2.48
1630,31.0,Finance,Bachelors,West,No,8.5,7799.51,6.4,70.2,2.48
1055,22.0,Support,Bachelors,West,No,0.9,4552.44,7.0,68.6,2.48
1209,39.0,Sales,Bachelors,West,Yes,18.6,7958.04,5.4,85.3,0.17
1345,42.0,Support,PhD,West,No,17.0,7361.83,7.5,73.4,2.48
1132,39.0,HR,PhD,East,Yes,22.9,8882.82,5.1,84.8,0.21
1381,30.0,Marketing,Bachelors,East,No,7.0,7619.48,9.1,40.3,0.8
1175,43.0,Sales,Masters,East,No,16.7,7522.28,7.0,63.7,3.32
1528,38.0,HR,Bachelors,West,No,3.1,6064.94,7.4,70.1,2.48
1192,31.0,Engineering,Masters,North,No,8.2,10019.28,7.6,88.8,2.55
1271,58.0,Sales,High School,South,Yes,34.9,10446.22,6.9,70.2,7.31
1435,42.0,Sales,PhD,North,Yes,21.3,8277.12,7.5,42.3,2.97
1124,52.0,Engineering,Masters,South,No,27.5,13117.53,7.0,60.3,2.48
1139,42.0,Support,Masters,South,Yes,19.6,7684.31,4.7,59.3,4.86
1613,40.0,HR,Bachelors,South,Yes,17.2,8128.75,8.3,54.6,0.62
1052,26.0,Sales,Bachelors,West,No,1.6,5574.15,5.6,70.2,3.63
1221,61.0,Engineering,Masters,East,No,42.4,14863.04,6.8,82.0,2.17
1113,46.0,Engineering,High School,West,Yes,19.2,11860.91,6.2,42.7,10.68
1266,45.0,Sales,PhD,North,Yes,23.6,8687.52,6.2,83.4,2.65
1473,39.0,Sales,Masters,North,No,16.5,7670.06,6.1,67.3,3.07
1273,22.0,Sales,Masters,West,Yes,0.3,5089.1,6.2,81.9,3.05
1343,42.0,Finance,Masters,West,No,16.4,9653.65,5.1,100.0,2.48
1257,30.0,Finance,Bachelors,East,No,10.0,7848.61,7.0,70.2,0.65
1183,35.0,Marketing,Bachelors,West,No,14.4,7981.57,9.3,54.3,2.48
1106,30.0,Support,Bachelors,South,No,8.3,6104.8,6.7,90.8,2.48
1301,44.0,Support,Bachelors,East,Yes,27.3,8704.57,5.8,27.0,1.24
1241,31.0,Finance,Bachelors,South,No,6.8,8023.95,4.8,70.2,2.02
1231,39.0,Sales,Bachelors,West,No,16.9,7678.61,8.0,69.3,2.51
1154,38.0,Marketing,Bachelors,East,Yes,18.5,8299.19,6.3,76.4,0.61
1327,37.0,Finance,Bachelors,East,Yes,11.5,8239.19,6.8,53.5,2.48
1206,24.0,Engineering,Bachelors,West,No,3.4,8941.98,7.1,83.6,2.91
1484,41.0,Engineering,Masters,North,Yes,22.1,11728.86,7.4,70.2,2.65
1295,23.0,Finance,Bachelors,South,No,4.6,7290.15,6.2,65.2,3.95
1151,22.0,Finance,Masters,North,No,0.0,7330.12,8.5,70.2,2.48
1500,33.0,Marketing,Masters,South,Yes,11.0,7138.68,8.4,72.8,0.1
1164,48.0,Sales,Bachelors,North,No,28.5,10529.97,5.7,73.5,2.5
1168,23.0,Finance,Bachelors,West,Yes,3.7,6893.23,6.4,57.8,6.72
1436,29.0,Sales,Masters,West,No,8.5,6912.62,6.3,71.8,4.15
1207,47.0,Sales,Masters,South,No,28.3,9680.48,6.4,54.3,5.43
1189,25.0,Support,Bachelors,North,Yes,2.5,5060.74,5.3,41.7,2.48
1483,22.0,Marketing,High School,South,No,1.6,6025.79,7.0,57.4,0.62
1325,42.0,Finance,Bachelors,South,No,21.3,9696.94,8.2,70.2,0.29
1146,28.0,Engineering,Bachelors,South,No,9.7,10162.47,7.2,75.8,2.53
1475,30.0,Engineering,Bachelors,East,Yes,10.8,9966.6,8.2,86.1,3.94
1227,34.0,Sales,Bachelors,South,No,13.6,7157.74,7.4,83.4,1.74
1217,43.0,Sales,Masters,East,No,23.0,8544.72,7.3,64.2,2.48
1195,22.0,Sales,High School,North,No,2.5,5693.86,6.5,47.9,0.78
1299,22.0,Support,Masters,West,Yes,0.0,4619.27,6.6,77.0,3.84
1595,46.0,Sales,Bachelors,East,Yes,21.2,8279.04,5.0,59.9,2.48
1598,44.0,Marketing,Bachelors,West,No,18.7,8274.79,9.6,74.8,0.33
1524,36.0,Marketing,Masters,East,No,19.6,8566.62,6.2,74.4,1.55
1513,36.0,Sales,Masters,North,No,15.5,7570.91,7.3,57.6,2.48
1485,37.0,Sales,PhD,South,Yes,14.5,7761.07,8.7,94.4,0.58
1390,22.0,Finance,High School,South,No,1.5,6529.71,7.0,83.0,2.48
1540,33.0,Finance,Masters,South,No,14.3,8855.37,6.8,88.4,5.59
1176,34.0,Sales,High School,South,No,9.0,6588.33,7.6,56.0,6.28
1602,38.0,Support,High School,West,No,39.4,10859.38,8.0,80.9,2.48
1095,36.0,Engineering,Bachelors,West,No,14.1,10639.17,9.2,60.0,1.09
1230,21.0,Sales,Bachelors,North,No,12.2,7028.99,8.5,62.8,2.48
1481,36.0,Engineering,PhD,South,No,22.1,11830.3,7.0,47.1,2.48
1281,46.0,Sales,Bachelors,North,No,26.3,8794.33,7.0,48.7,2.48
1518,31.0,Support,Bachelors,East,No,11.4,6369.39,6.0,63.6,9.27
1502,30.0,Finance,Masters,North,Yes,6.1,7447.16,7.3,71.8,2.48
1229,31.0,Marketing,Masters,East,No,5.8,6739.15,8.8,88.3,2.48
1101,43.0,Finance,Bachelors,West,Yes,20.0,10352.93,5.0,62.2,2.58
1291,33.0,Finance,Bachelors,North,Yes,10.0,8015.99,6.9,70.2,2.19
1597,41.0,Support,Masters,North,No,19.9,7846.53,7.0,68.9,0.67
1445,38.0,Engineering,Bachelors,North,No,7.7,9535.78,5.4,70.2,3.66
1367,57.0,Support,Masters,North,No,37.6,10046.49,7.6,55.0,0.79
1633,39.0,Sales,Bachelors,East,No,15.7,8003.26,6.2,64.2,2.48
1054,33.0,Support,Masters,South,No,15.1,7075.33,7.3,57.2,1.3
1228,43.0,Marketing,Bachelors,West,No,18.7,8431.41,7.5,59.8,6.47
1392,38.0,Sales,Masters,East,Yes,24.2,8810.12,7.2,61.9,2.48
1645,43.0,Marketing,Bachelors,East,No,19.0,8645.18,6.0,81.9,6.2
1155,37.0,Sales,High School,West,No,14.2,7398.85,7.5,86.2,1.73
1252,22.0,Finance,Bachelors,South,Yes,0.1,6500.43,7.0,49.9,2.48
1276,43.0,Engineering,Bachelors,East,No,20.2,11542.88,7.0,82.0,1.35
1159,33.0,Support,Bachelors,South,Yes,9.9,6054.86,7.7,56.6,1.08
1272,37.0,Sales,Masters,West,No,12.5,6831.28,8.4,70.2,2.48
1045,34.0,Finance,PhD,South,No,9.3,8292.93,7.8,64.8,2.48
1114,47.0,Marketing,High School,East,No,24.3,9369.41,7.0,86.8,3.79
1025,48.0,Support,Bachelors,West,No,23.6,8353.42,8.8,71.3,1.24
1212,29.0,Marketing,Masters,South,Yes,10.5,7136.99,6.1,86.4,2.48
1109,38.0,Sales,High School,East,Yes,15.2,7500.96,6.8,82.7,1.44
1321,34.0,Finance,Bachelors,South,No,8.8,7614.51,6.8,47.8,0.41
1170,30.0,HR,Bachelors,West,No,7.4,6987.81,7.5,81.7,7.1
1080,41.0,Support,Bachelors,South,No,25.4,8493.23,5.3,70.2,4.63
1051,22.0,Sales,Bachelors,West,No,0.0,4926.43,5.9,48.0,2.48
1522,47.0,Engineering,Masters,West,Yes,27.7,12700.86,8.4,70.2,2.71
1085,40.0,Sales,High School,East,Yes,12.1,7055.98,6.5,86.8,0.68
1009,52.0,Sales,Bachelors,East,No,26.6,9327.39,7.4,70.4,0.58
1033,40.0,Engineering,High School,West,No,17.9,11371.14,5.4,52.0,0.82
1100,22.0,HR,Masters,North,No,0.0,5485.26,6.4,75.6,2.48
1110,34.0,Finance,Bachelors,West,No,16.0,9027.84,6.4,86.9,13.45
1137,29.0,HR,Masters,East,Yes,8.1,18366.21,7.6,78.4,8.01
1331,35.0,Support,PhD,North,No,14.0,6446.21,7.4,68.6,2.48
1029,22.0,Sales,High School,East,Yes,1.6,5190.51,6.5,71.4,2.48
1288,40.0,Engineering,High School,North,No,16.3,10916.07,8.0,74.0,2.48
1572,43.0,Finance,Bachelors,West,Yes,22.3,10153.28,7.4,62.0,7.37
1056,49.0,Support,Bachelors,East,No,29.2,9215.51,7.3,79.2,7.45
1157,45.0,Engineering,Masters,West,No,21.3,11923.12,4.1,81.7,2.48
1622,33.0,Engineering,Bachelors,South,Yes,8.0,9805.71,7.0,54.1,0.12
1601,37.0,Engineering,High School,West,Yes,13.2,10543.06,3.0,50.1,1.09
1311,47.0,Engineering,Bachelors,North,Yes,29.1,13017.44,8.4,68.8,7.0
1049,46.0,Support,Masters,West,Yes,25.9,8534.98,7.8,87.7,8.98
1084,50.0,Sales,Bachelors,West,No,27.4,9571.27,7.5,48.8,2.48
1509,34.0,Engineering,Bachelors,West,No,14.0,10837.67,7.0,69.6,2.48
1559,48.0,Marketing,Bachelors,East,Yes,25.7,9440.56,4.7,87.8,4.08
1034,48.0,Engineering,Bachelors,East,Yes,29.6,13173.72,6.1,54.4,2.48
1478,46.0,Marketing,Masters,West,No,21.5,8958.59,9.4,41.0,0.0
1438,35.0,Marketing,Masters,North,No,13.5,7823.9,6.1,63.4,1.51
1036,22.0,Sales,Bachelors,North,Yes,1.5,5665.38,7.5,84.1,3.28
1332,22.0,Sales,Masters,East,No,0.0,5029.23,6.8,63.5,1.19
1064,47.0,Support,PhD,South,No,26.2,8433.92,6.0,70.2,0.28
1414,38.0,Finance,Masters,East,No,23.2,10162.75,7.0,81.8,2.48
1385,26.0,Engineering,Bachelors,East,No,5.0,9061.5,7.5,75.8,1.83
1593,45.0,Engineering,Bachelors,East,No,28.7,13159.36,7.4,85.3,2.48
1323,38.0,Engineering,High School,North,No,34.6,14845.76,6.0,72.7,2.22
1452,52.0,Finance,Bachelors,North,No,28.2,10973.78,8.1,75.1,2.48
1235,22.0,HR,Bachelors,South,Yes,2.4,5550.05,7.9,70.6,2.48
1463,36.0,HR,Masters,South,Yes,12.5,7485.97,6.4,87.9,6.51
1425,60.0,Marketing,Masters,South,Yes,37.5,11282.38,9.2,68.4,2.48
1588,34.0,Engineering,Bachelors,South,No,15.9,10834.02,6.9,85.1,3.18
1304,48.0,Marketing,Bachelors,East,Yes,24.1,9338.89,7.0,44.8,2.09
1590,38.0,Sales,High School,West,No,14.5,7260.67,7.0,70.2,2.0
1220,45.0,Engineering,Bachelors,East,Yes,17.5,12317.78,8.9,70.2,0.13
1649,22.0,Support,Masters,North,No,4.8,5233.43,7.5,59.2,2.48
1297,54.0,HR,Masters,East,Yes,29.9,10344.39,5.6,76.9,0.13
1022,24.0,Engineering,Bachelors,South,Yes,0.0,9086.02,7.7,80.0,21.66
1421,37.0,Support,Masters,South,Yes,13.1,6619.97,9.6,83.6,2.48
1326,23.0,Support,Masters,North,No,2.7,5224.9,7.0,70.2,3.7
1200,39.0,Engineering,PhD,South,No,13.2,10540.23,7.2,70.1,2.55
1451,41.0,Sales,High School,West,No,18.1,8037.8,7.0,56.5,2.48
1138,35.0,Engineering,Bachelors,North,Yes,14.3,10635.29,7.7,86.9,7.48
1213,40.0,Sales,Masters,North,No,20.7,8832.98,9.0,59.0,4.42
1644,39.0,Engineering,Bachelors,East,No,17.0,11111.73,4.9,82.1,3.41
1624,45.0,Engineering,Bachelors,West,Yes,23.7,12111.76,7.2,55.4,2.48
1506,27.0,Support,High School,South,Yes,4.3,5079.32,7.9,52.2,3.91
1544,45.0,HR,PhD,East,Yes,22.6,8868.42,6.5,92.9,5.05
1232,47.0,Engineering,Masters,West,Yes,22.7,11943.52,5.2,98.7,3.88
1406,39.0,Finance,Masters,South,Yes,11.8,8230.63,6.5,100.0,2.32
1318,35.0,Support,Bachelors,West,No,12.7,6644.45,7.0,70.2,2.48
1184,22.0,Engineering,Masters,West,No,2.0,8851.0,8.1,70.2,4.17
1571,44.0,Engineering,High School,East,No,23.0,11726.15,10.0,70.2,2.48
1569,33.0,Engineering,Masters,West,Yes,12.1,10172.01,7.0,77.6,4.06
1486,38.0,Engineering,Bachelors,South,No,16.2,11103.28,7.5,100.0,2.48
1279,42.0,Finance,Bachelors,West,Yes,20.4,9800.76,5.9,70.2,0.54
1021,32.0,Support,High School,West,No,13.6,6571.19,7.4,78.9,2.48
1171,28.0,Engineering,High School,East,Yes,7.1,9487.33,7.4,50.9,2.48
1402,50.0,Finance,High School,East,No,25.1,10644.03,7.3,81.8,2.48
1617,48.0,Support,Bachelors,North,Yes,28.9,10568.23,6.2,89.1,6.31
1177,47.0,Engineering,Bachelors,East,No,27.8,12574.64,6.8,62.3,0.39
1328,34.0,Marketing,Bachelors,South,No,12.9,7350.07,6.6,85.2,2.48
1199,34.0,Sales,High School,East,No,9.7,6955.44,9.1,53.1,11.83
1471,47.0,Engineering,Masters,South,Yes,25.7,12297.36,6.5,54.5,1.91
1627,19.0,Support,Bachelors,East,No,25.0,8859.17,6.8,92.2,0.43
1267,32.0,Engineering,High School,South,No,0.9,9198.02,6.7,64.3,0.34
1493,39.0,Support,Masters,East,Yes,17.8,7605.36,6.2,95.3,2.48
1131,22.0,Sales,Bachelors,West,No,1.4,5546.33,7.1,70.2,2.48
1339,53.0,Sales,Bachelors,West,Yes,34.1,10883.04,8.9,60.0,2.48
1567,38.0,Support,Bachelors,East,No,14.9,6916.2,8.1,70.5,0.01
1490,37.0,Marketing,Masters,South,Yes,13.5,7732.77,9.1,75.8,2.48
1194,44.0,Finance,Bachelors,East,No,15.8,9151.84,7.9,85.2,0.52
1141,51.0,Engineering,Bachelors,North,Yes,30.7,12904.89,5.5,72.9,2.48
1417,37.0,Sales,Bachelors,East,No,14.2,7312.64,8.7,51.4,0.3
1477,28.0,Engineering,Bachelors,North,Yes,4.7,9533.65,8.0,89.9,2.48
1153,32.0,Sales,Masters,East,No,14.1,7523.91,6.4,59.8,2.6
1599,29.0,HR,Masters,West,Yes,5.3,6383.65,7.8,77.3,4.68
1011,29.0,Engineering,Bachelors,West,No,6.1,9249.38,4.4,67.0,0.6
1270,48.0,Sales,Bachelors,North,Yes,27.2,9060.87,7.5,70.2,1.0
1097,38.0,Engineering,Bachelors,North,Yes,27.2,12531.87,6.1,70.2,2.48
1211,29.0,Support,Masters,East,Yes,4.8,5290.27,6.4,72.2,1.95
1570,48.0,Marketing,High School,East,No,22.7,9213.74,7.2,81.7,3.11
1549,37.0,Support,Bachelors,West,Yes,17.9,7779.29,6.9,66.0,2.48
1631,52.0,HR,Bachelors,West,No,25.1,9146.4,6.1,62.8,8.63
1533,38.0,Engineering,High School,West,Yes,14.0,10872.44,6.5,60.6,2.48
1623,32.0,HR,Bachelors,West,No,6.8,7193.22,6.9,67.9,0.28
1333,46.0,Support,Masters,North,Yes,23.0,8119.08,7.1,55.7,2.48
1076,34.0,Engineering,High School,East,No,15.5,11177.26,6.0,70.2,0.33
1078,22.0,Support,High School,West,Yes,0.9,4544.92,8.5,70.2,2.48
1264,50.0,Sales,PhD,East,No,26.4,9786.88,7.8,70.5,2.48
1150,38.0,Sales,Masters,West,No,13.5,7022.36,4.3,46.6,0.44
1515,51.0,Engineering,High School,South,No,30.5,13119.0,7.7,83.0,0.49
1634,35.0,Engineering,Masters,North,Yes,11.4,10590.23,8.0,70.2,4.41
1470,51.0,Marketing,Masters,North,No,33.4,10833.0,4.9,55.3,6.53
1565,34.0,Marketing,Bachelors,North,No,6.2,6798.19,6.2,87.3,0.11
1462,22.0,Sales,Bachelors,South,Yes,0.7,5138.18,7.6,84.8,2.85
1254,45.0,Engineering,Bachelors,North,No,25.2,12346.93,7.1,77.6,0.81
1370,24.0,Finance,Bachelors,East,No,0.5,6905.4,7.8,75.7,0.55
1322,35.0,Engineering,High School,West,Yes,16.9,11096.76,8.7,94.2,4.66
1152,43.0,Finance,Bachelors,North,No,18.8,9282.09,6.9,61.5,2.48
1303,35.0,Marketing,Bachelors,West,No,12.5,7597.81,5.7,70.2,5.99
1191,50.0,HR,High School,West,No,28.0,9526.6,7.4,82.3,2.48
1587,35.0,Sales,Bachelors,West,No,17.2,7973.93,5.3,71.5,5.11
1349,40.0,Marketing,PhD,East,Yes,23.5,8961.21,7.9,54.3,1.38
1244,44.0,Marketing,High School,South,No,24.5,9597.36,9.5,70.2,0.79
1088,50.0,Engineering,Bachelors,East,No,27.1,12525.96,7.0,92.4,2.48
1608,47.0,Sales,Masters,West,Yes,22.1,8651.82,6.4,89.4,7.11
1419,29.0,Sales,High School,East,No,5.3,6230.98,6.4,73.6,0.43
1289,45.0,Marketing,Masters,North,No,21.0,8761.78,7.5,71.2,0.14
1167,44.0,Finance,Masters,South,Yes,22.4,10006.99,6.5,70.2,0.49
1596,24.0,Engineering,Bachelors,North,Yes,6.6,9438.5,7.0,61.2,2.98
1626,37.0,Engineering,Bachelors,West,No,15.7,10852.07,9.4,82.1,0.69
1357,47.0,Support,PhD,North,Yes,20.5,8165.73,8.6,52.4,2.55
1382,29.0,HR,Masters,North,No,8.9,6549.82,7.4,90.3,0.98
1280,49.0,Finance,Masters,West,No,28.8,11260.41,7.4,72.6,6.29
1127,44.0,Engineering,Masters,North,Yes,19.9,11631.0,6.3,53.4,2.48
1023,38.0,HR,PhD,North,No,8.8,7115.73,6.8,77.6,0.37
1283,41.0,Engineering,Bachelors,East,Yes,19.8,11591.51,8.2,70.2,1.02
1472,42.0,Engineering,High School,South,Yes,19.2,11746.58,7.7,77.4,4.77
1368,42.0,Support,Masters,North,Yes,19.2,7173.94,8.0,64.1,3.05
1026,29.0,Sales,Bachelors,East,Yes,8.7,6402.4,8.6,56.5,2.48
1197,35.0,Marketing,Bachelors,West,No,12.4,7710.68,7.8,58.4,0.45
1065,24.0,Marketing,Masters,North,Yes,4.3,6195.51,7.0,88.6,0.54
1016,49.0,Engineering,Masters,East,No,29.5,13050.95,7.0,48.0,0.28
1467,29.0,Marketing,High School,West,No,4.7,6169.22,7.1,70.2,1.78
1298,36.0,Finance,Masters,East,No,11.1,8316.96,7.6,61.3,2.48
1337,38.0,Sales,Bachelors,West,No,16.2,7869.3,7.2,70.2,2.48
1027,38.0,Engineering,PhD,West,Yes,19.2,11237.05,7.6,65.0,2.48
1589,33.0,Sales,Bachelors,North,No,15.1,7655.7,7.0,70.2,2.08
1044,22.0,Engineering,Bachelors,South,Yes,3.1,9173.22,8.6,76.6,0.65
1498,22.0,Marketing,Masters,South,Yes,4.4,6074.67,6.7,74.7,2.69
1516,30.0,Sales,Masters,South,No,11.2,6951.86,7.5,41.0,2.48
1639,38.0,Support,Bachelors,West,Yes,39.8,10386.29,4.5,70.2,6.84
1562,38.0,Engineering,Masters,West,No,18.0,11117.31,7.7,50.1,7.06
1455,42.0,Sales,High School,West,Yes,20.8,8577.81,5.9,91.9,2.28
1388,38.0,HR,Bachelors,West,Yes,10.0,6897.74,6.4,75.5,2.48
1072,61.0,Engineering,Bachelors,West,Yes,34.2,13620.68,6.4,70.2,2.09
1543,54.0,Finance,Masters,South,No,29.2,11029.45,4.1,75.7,1.84
1457,36.0,HR,High School,West,Yes,14.1,7557.94,6.0,69.4,0.73
1432,40.0,Support,PhD,South,No,16.5,6985.98,7.1,60.7,0.06
1628,50.0,Sales,High School,South,Yes,26.1,9258.79,7.8,75.6,2.48
1265,38.0,HR,PhD,North,No,10.1,6909.37,10.0,70.2,2.48
1210,36.0,Marketing,Bachelors,North,Yes,15.4,7993.44,7.0,76.3,2.73
1317,42.0,Engineering,PhD,East,No,22.5,11938.13,5.7,77.4,3.18
1514,60.0,Engineering,Bachelors,West,No,42.6,14829.72,7.9,69.9,2.48
1314,44.0,Engineering,High School,North,Yes,23.1,11977.97,6.1,79.9,2.48
1535,46.0,Sales,Bachelors,East,Yes,24.1,8842.43,8.5,83.5,2.48
1320,38.0,HR,Bachelors,South,No,16.3,7965.37,6.7,70.2,0.5
1008,26.0,Support,Bachelors,South,No,1.7,5308.36,4.3,58.9,2.48
1394,31.0,Support,Masters,West,No,9.9,6205.37,6.6,60.6,1.97
1142,48.0,Engineering,Bachelors,North,No,27.9,12770.57,9.0,44.3,2.48
1087,41.0,Support,Bachelors,North,Yes,19.1,7374.98,6.7,74.8,11.15
1479,49.0,Marketing,Masters,North,No,29.4,10869.55,6.0,73.8,0.3
1504,55.0,Marketing,Bachelors,South,Yes,35.9,11013.39,6.8,68.8,2.69
1216,39.0,Support,PhD,North,Yes,13.3,6377.48,6.3,65.9,16.59
1581,39.0,Engineering,Bachelors,North,No,19.5,11716.3,3.6,52.0,0.42
1563,37.0,Finance,Bachelors,North,No,14.7,8570.62,5.1,70.1,2.48
1399,40.0,Engineering,Masters,South,Yes,19.1,11623.29,6.4,67.2,2.48
1491,39.0,Support,Bachelors,South,No,20.8,7760.81,7.1,76.0,10.58
1253,40.0,Engineering,High School,North,Yes,16.8,11219.76,7.0,70.0,2.48
1358,37.0,Support,Bachelors,South,No,18.2,7476.65,7.2,61.0,5.38
1255,35.0,Engineering,PhD,East,No,11.9,10046.23,5.6,66.2,0.23
1277,40.0,Engineering,Bachelors,East,Yes,20.7,11534.64,7.0,67.0,2.48
1179,32.0,Finance,Masters,South,No,10.2,8037.18,8.0,83.3,0.03
1282,80.0,Sales,Bachelors,North,No,22.0,8381.62,9.3,65.1,2.48
1391,32.0,Marketing,High School,South,No,8.8,6932.07,8.0,46.2,2.48
1584,41.0,Engineering,Masters,North,Yes,19.7,11986.39,6.7,80.7,2.48
1130,27.0,Marketing,Masters,South,Yes,5.8,6699.18,6.1,67.3,8.61
1145,45.0,Engineering,High School,North,No,29.1,12981.05,5.9,76.3,10.96
1646,22.0,Finance,Bachelors,West,No,2.2,7296.64,4.4,98.6,10.79
1073,31.0,Finance,High School,West,No,7.7,7700.88,8.1,53.7,2.48
1236,27.0,Finance,Bachelors,East,No,4.3,7215.69,7.2,76.2,0.15
1038,39.0,Engineering,PhD,East,No,17.0,10896.19,6.1,77.8,3.03
